INSERT INTO bookmarks (id, title, url, description, user_id) VALUES (1, 'How To Create a Login Form', 'http://www.w3schools.com/howto/howto_css_login_form.asp', 'How To Create a Login Form', 1);
INSERT INTO tags (id, name) VALUES (1, 'html5');
INSERT INTO tagsref (id, bookmark_id, tag_id) VALUES (1, 1, 1);
INSERT INTO tags (id, name) VALUES (2, 'howto');
INSERT INTO tagsref (id, bookmark_id, tag_id) VALUES (2, 1, 2);
INSERT INTO tags (id, name) VALUES (3, 'create');
INSERT INTO tagsref (id, bookmark_id, tag_id) VALUES (3, 1, 3);
INSERT INTO tags (id, name) VALUES (4, 'login');
INSERT INTO tagsref (id, bookmark_id, tag_id) VALUES (4, 1, 4);
INSERT INTO tags (id, name) VALUES (5, 'form');
INSERT INTO tagsref (id, bookmark_id, tag_id) VALUES (5, 1, 5);
INSERT INTO tags (id, name) VALUES (6, 'tutorial');
INSERT INTO tagsref (id, bookmark_id, tag_id) VALUES (6, 1, 6);

INSERT INTO bookmarks (id, title, url, description, user_id) VALUES (2, '18. Cross Site Request Forgery (CSRF)', 'https://docs.spring.io/spring-security/site/docs/current/reference/html/csrf.html', 'cross site request forgery description and protection with spring security', 1);
INSERT INTO tags (id, name) VALUES (7, 'csfr');
INSERT INTO tagsref (id, bookmark_id, tag_id) VALUES (7, 2, 7);
INSERT INTO tags (id, name) VALUES (8, 'protection');
INSERT INTO tagsref (id, bookmark_id, tag_id) VALUES (8, 2, 8);
INSERT INTO tags (id, name) VALUES (9, 'why');
INSERT INTO tagsref (id, bookmark_id, tag_id) VALUES (9, 2, 9);
INSERT INTO tags (id, name) VALUES (10, 'spring');
INSERT INTO tagsref (id, bookmark_id, tag_id) VALUES (10, 2, 10);
INSERT INTO tags (id, name) VALUES (11, 'configuration');
INSERT INTO tagsref (id, bookmark_id, tag_id) VALUES (11, 2, 11);
INSERT INTO tags (id, name) VALUES (12, 'spring-security');
INSERT INTO tagsref (id, bookmark_id, tag_id) VALUES (12, 2, 12);

INSERT INTO bookmarks (id, title, url, description, user_id) VALUES (3, 'gruntjs - NPM vs. Bower vs. Browserify vs. Gulp vs. Grunt vs. Webpack - Stack Overflow', 'http://stackoverflow.com/questions/35062852/npm-vs-bower-vs-browserify-vs-gulp-vs-grunt-vs-webpack', 'overview of modern javascript packagers and others', 1);
INSERT INTO tags (id, name) VALUES (13, 'javascript');
INSERT INTO tagsref (id, bookmark_id, tag_id) VALUES (13, 3, 13);
INSERT INTO tags (id, name) VALUES (14, 'ecosystem');
INSERT INTO tagsref (id, bookmark_id, tag_id) VALUES (14, 3, 14);
INSERT INTO tags (id, name) VALUES (15, 'tools');
INSERT INTO tagsref (id, bookmark_id, tag_id) VALUES (15, 3, 15);
INSERT INTO tags (id, name) VALUES (16, 'stackoverflow');
INSERT INTO tagsref (id, bookmark_id, tag_id) VALUES (16, 3, 16);
INSERT INTO tags (id, name) VALUES (17, 'comparison');
INSERT INTO tagsref (id, bookmark_id, tag_id) VALUES (17, 3, 17);

INSERT INTO bookmarks (id, title, url, description, user_id) VALUES (4, 'GitHub - angular/in-memory-web-api', 'https://github.com/angular/in-memory-web-api', 'overview of modern javascript packagers and others', 1);
INSERT INTO tagsref (id, bookmark_id, tag_id) VALUES (18, 4, 13);
INSERT INTO tags (id, name) VALUES (18, 'angular2');
INSERT INTO tagsref (id, bookmark_id, tag_id) VALUES (19, 4, 18);
INSERT INTO tags (id, name) VALUES (19, 'mocking');
INSERT INTO tagsref (id, bookmark_id, tag_id) VALUES (20, 4, 19);
INSERT INTO tags (id, name) VALUES (20, 'database');
INSERT INTO tagsref (id, bookmark_id, tag_id) VALUES (21, 4, 20);
INSERT INTO tags (id, name) VALUES (21, 'testing');
INSERT INTO tagsref (id, bookmark_id, tag_id) VALUES (22, 4, 21);

INSERT INTO bookmarks (id, title, url, user_id) VALUES (5, 'Copy And Paste Between VirtualBox Host And Guest Machines - Liberian Geek', 'https://www.liberiangeek.net/2013/09/copy-paste-virtualbox-host-guest-machines/', 1);
INSERT INTO tags (id, name) VALUES (22, 'virtualbox');
INSERT INTO tagsref (id, bookmark_id, tag_id) VALUES (23, 5, 22);
INSERT INTO tags (id, name) VALUES (23, 'virtualization');
INSERT INTO tagsref (id, bookmark_id, tag_id) VALUES (24, 5, 23);
INSERT INTO tags (id, name) VALUES (24, 'copypaste');
INSERT INTO tagsref (id, bookmark_id, tag_id) VALUES (25, 5, 24);
INSERT INTO tags (id, name) VALUES (25, 'guest');
INSERT INTO tagsref (id, bookmark_id, tag_id) VALUES (26, 5, 25);
INSERT INTO tags (id, name) VALUES (26, 'host');
INSERT INTO tagsref (id, bookmark_id, tag_id) VALUES (27, 5, 26);
INSERT INTO tagsref (id, bookmark_id, tag_id) VALUES (28, 5, 2);

INSERT INTO bookmarks (id, title, url, description, user_id) VALUES (6, 'Install EPEL, IUS, and Remi repositories on CentOS and Red Hat', 'https://support.rackspace.com/how-to/install-epel-and-additional-repositories-on-centos-and-red-hat/', 'sudo yum install epel-release', 1);
INSERT INTO tags (id, name) VALUES (27, 'epel');
INSERT INTO tagsref (id, bookmark_id, tag_id) VALUES (29, 6, 27);
INSERT INTO tags (id, name) VALUES (28, 'centos');
INSERT INTO tagsref (id, bookmark_id, tag_id) VALUES (30, 6, 28);
INSERT INTO tags (id, name) VALUES (29, 'installation');
INSERT INTO tagsref (id, bookmark_id, tag_id) VALUES (31, 6, 29);
INSERT INTO tags (id, name) VALUES (30, 'repository');
INSERT INTO tagsref (id, bookmark_id, tag_id) VALUES (32, 6, 30);
INSERT INTO tagsref (id, bookmark_id, tag_id) VALUES (33, 6, 2);

INSERT INTO bookmarks (id, title, url, user_id) VALUES (7, '50+ Social Bookmarking Sites : Importance of User Generated Tags, Votes, and Links - Search Engine Journal', 'https://www.searchenginejournal.com/50-social-bookmarking-sites-importance-of-user-generated-tags-votes-and-links/6066/',  1);
INSERT INTO tags (id, name) VALUES (31, 'social');
INSERT INTO tagsref (id, bookmark_id, tag_id) VALUES (34, 7, 31);
INSERT INTO tags (id, name) VALUES (32, 'bookmarking');
INSERT INTO tagsref (id, bookmark_id, tag_id) VALUES (35, 7, 32);
INSERT INTO tags (id, name) VALUES (33, 'project');
INSERT INTO tagsref (id, bookmark_id, tag_id) VALUES (36, 7, 33);
INSERT INTO tags (id, name) VALUES (34, 'ideas');
INSERT INTO tagsref (id, bookmark_id, tag_id) VALUES (37, 7, 34);
INSERT INTO tags (id, name) VALUES (35, 'sites');
INSERT INTO tagsref (id, bookmark_id, tag_id) VALUES (38, 7, 35);

